Category,CategoryID,GO,Description,PARENT_GO,LogP,Enrichment,Z-score,#TotalGeneInLibrary,#GeneInGO,#GeneInHitList,#GeneInGOAndHitList,%InGO,STDV %InGO,GeneID,Hits,Log(q-value),GeneList,q_value
GO Biological Processes,19,GO:0050803,regulation of synapse structure or activity,19_GO:0065007 biological regulation,-10.0,4.5,8.8,22259,424,313,27,8.6,1.6,13175|13841|14804|16423|16443|22418|26416|53972|57138|68585|77097|99152|106042|108071|140580|210933|218194|240057|243499|243548|270190|319613|320772|320840|333605|545428|100042150,Dclk1|Epha7|Grid2|Cd47|Itsn1|Wnt5a|Mapk14|Ngef|Slc12a5|Rtn4|Tanc2|Anapc2|Prickle1|Grm5|Elmo1|Adgrb3|Phactr1|Syngap1|Lrrtm4|Prickle2|Ephb1|Sybu|Mdga2|Negr1|Frmpd4|Ccdc141|Nrg2,-5.9,D01,1.2589254117941661e-06
GO Biological Processes,19,GO:0050807,regulation of synapse organization,19_GO:0050789 regulation of biological process,-8.9,4.3,8.1,22259,415,313,25,8.0,1.5,13175|13841|14804|16423|16443|22418|26416|53972|57138|68585|77097|99152|106042|108071|140580|210933|218194|243499|243548|270190|320772|320840|333605|545428|100042150,Dclk1|Epha7|Grid2|Cd47|Itsn1|Wnt5a|Mapk14|Ngef|Slc12a5|Rtn4|Tanc2|Anapc2|Prickle1|Grm5|Elmo1|Adgrb3|Phactr1|Lrrtm4|Prickle2|Ephb1|Mdga2|Negr1|Frmpd4|Ccdc141|Nrg2,-5.0,D01,1e-05
GO Biological Processes,19,GO:0050808,synapse organization,19_GO:0009987 cellular process,-8.3,4.0,7.7,22259,443,313,25,8.0,1.5,14804|16917|18027|20404|22422|26395|68507|69597|76499|77097|81907|106042|108071|210933|216049|231760|240057|241568|243499|243548|245880|268902|270190|319613|333605,Grid2|Lmx1b|Nfia|Sh3gl2|Wnt7b|Map2k1|Ppfia4|Afg3l2|Clasp2|Tanc2|Tmem108|Prickle1|Grm5|Adgrb3|Zfp365|Rimbp2|Syngap1|Lrrc4c|Lrrtm4|Prickle2|Wasf3|Robo2|Ephb1|Sybu|Frmpd4,-4.6,D01,2.5118864315095822e-05
GO Biological Processes,19,GO:0034330,cell junction organization,19_GO:0009987 cellular process,-8.1,3.4,7.2,22259,633,313,30,9.6,1.7,12043|12554|13052|14042|14804|16917|18027|20404|22422|26395|68507|69597|74392|76499|77097|81907|106042|108071|210933|216049|231760|240057|241568|243499|243548|245880|268902|270190|319613|333605,Bcl2|Cdh13|Cxadr|Ext1|Grid2|Lmx1b|Nfia|Sh3gl2|Wnt7b|Map2k1|Ppfia4|Afg3l2|Specc1l|Clasp2|Tanc2|Tmem108|Prickle1|Grm5|Adgrb3|Zfp365|Rimbp2|Syngap1|Lrrc4c|Lrrtm4|Prickle2|Wasf3|Robo2|Ephb1|Sybu|Frmpd4,-4.5,D01,3.1622776601683795e-05
GO Biological Processes,19,GO:0007420,brain development,19_GO:0032502 developmental process,-7.1,2.9,6.5,22259,786,313,32,10.0,1.7,12043|13175|13841|14042|14804|16653|16917|17536|18080|18293|22418|22422|26395|67581|68585|81907|94229|108147|109648|114142|140486|216049|218194|224727|234734|268902|270190|320191|320343|320790|320840|545428,Bcl2|Dclk1|Epha7|Ext1|Grid2|Kras|Lmx1b|Meis2|Nin|Ogdh|Wnt5a|Wnt7b|Map2k1|Tbc1d23|Rtn4|Tmem108|Slc4a10|Atic|Npy|Foxp2|Igf2bp1|Zfp365|Phactr1|Bag6|Aars1|Robo2|Ephb1|Hook3|Lypd6|Chd7|Negr1|Ccdc141,-3.7,D01,0.00019952623149688788
GO Biological Processes,19,GO:0051963,regulation of synapse assembly,19_GO:0032502 developmental process,-7.0,5.2,7.5,22259,219,313,16,5.1,1.2,13175|13841|14804|22418|57138|68585|106042|140580|210933|243499|243548|270190|320772|320840|545428|100042150,Dclk1|Epha7|Grid2|Wnt5a|Slc12a5|Rtn4|Prickle1|Elmo1|Adgrb3|Lrrtm4|Prickle2|Ephb1|Mdga2|Negr1|Ccdc141|Nrg2,-3.7,D01,0.00019952623149688788
GO Biological Processes,19,GO:0050804,modulation of chemical synaptic transmission,19_GO:0050789 regulation of biological process,-6.6,2.8,6.2,22259,783,313,31,9.9,1.7,13841|14804|14807|16653|18747|18752|20614|22418|23821|53623|68585|72555|78771|81907|94229|99152|108013|108069|108071|109648|110637|140904|223435|240057|241568|270190|319613|320127|320343|432442|432530,Epha7|Grid2|Grik3|Kras|Prkaca|Prkcg|Snap25|Wnt5a|Bace1|Gria3|Rtn4|Shisa9|Mctp1|Tmem108|Slc4a10|Anapc2|Celf4|Grm3|Grm5|Npy|Grik4|Caln1|Trio|Syngap1|Lrrc4c|Ephb1|Sybu|Dgki|Lypd6|Akap7|Adcy1,-3.4,D01,0.00039810717055349735
GO Biological Processes,19,GO:0099177,regulation of trans-synaptic signaling,19_GO:0050789 regulation of biological process,-6.6,2.8,6.2,22259,784,313,31,9.9,1.7,13841|14804|14807|16653|18747|18752|20614|22418|23821|53623|68585|72555|78771|81907|94229|99152|108013|108069|108071|109648|110637|140904|223435|240057|241568|270190|319613|320127|320343|432442|432530,Epha7|Grid2|Grik3|Kras|Prkaca|Prkcg|Snap25|Wnt5a|Bace1|Gria3|Rtn4|Shisa9|Mctp1|Tmem108|Slc4a10|Anapc2|Celf4|Grm3|Grm5|Npy|Grik4|Caln1|Trio|Syngap1|Lrrc4c|Ephb1|Sybu|Dgki|Lypd6|Akap7|Adcy1,-3.4,D01,0.00039810717055349735
GO Biological Processes,19,GO:0009100,glycoprotein metabolic process,19_GO:0009987 cellular process,-6.5,4.0,6.7,22259,335,313,19,6.1,1.3,12167|14042|14348|14423|15211|20442|26433|50935|69038|72043|73068|94229|97884|108148|212996|217119|232313|240725|628779,Bmpr1b|Ext1|Fut9|Galnt1|Hexa|St3gal1|Plod3|St6galnac6|Tmem258|Sulf2|Pofut4|Slc4a10|B3galnt2|Galnt2|Galnt17|Xylt2|Gxylt2|Sulf1|Hs3st4,-3.3,D01,0.0005011872336272725
GO Biological Processes,19,GO:0007268,chemical synaptic transmission,19_GO:0050789 regulation of biological process,-6.5,3.8,6.6,22259,371,313,20,6.4,1.4,14042|14804|14807|15557|18747|18752|20614|53623|54524|56543|57138|72978|83762|94090|108069|108071|109648|110637|231760|320127,Ext1|Grid2|Grik3|Htr1f|Prkaca|Prkcg|Snap25|Gria3|Syt6|Kcnd3|Slc12a5|Cnih3|Otof|Trim9|Grm3|Grm5|Npy|Grik4|Rimbp2|Dgki,-3.3,D01,0.0005011872336272725
GO Biological Processes,19,GO:0098916,anterograde trans-synaptic signaling,19_GO:0050789 regulation of biological process,-6.5,3.8,6.6,22259,371,313,20,6.4,1.4,14042|14804|14807|15557|18747|18752|20614|53623|54524|56543|57138|72978|83762|94090|108069|108071|109648|110637|231760|320127,Ext1|Grid2|Grik3|Htr1f|Prkaca|Prkcg|Snap25|Gria3|Syt6|Kcnd3|Slc12a5|Cnih3|Otof|Trim9|Grm3|Grm5|Npy|Grik4|Rimbp2|Dgki,-3.3,D01,0.0005011872336272725
GO Biological Processes,19,GO:1901888,regulation of cell junction assembly,19_GO:0050789 regulation of biological process,-6.1,4.0,6.4,22259,323,313,18,5.8,1.3,13175|13841|14804|18747|22418|57138|68585|76499|106042|140580|210933|243499|243548|270190|320772|320840|545428|100042150,Dclk1|Epha7|Grid2|Prkaca|Wnt5a|Slc12a5|Rtn4|Clasp2|Prickle1|Elmo1|Adgrb3|Lrrtm4|Prickle2|Ephb1|Mdga2|Negr1|Ccdc141|Nrg2,-3.0,D01,0.001
GO Biological Processes,19,GO:0010975,regulation of neuron projection development,19_GO:0032502 developmental process,-6.1,3.0,6.0,22259,583,313,25,8.0,1.5,13841|14348|14804|18010|18080|20614|20745|22418|24001|26395|53972|68585|77097|99152|108071|210933|216049|234593|239420|240057|241568|268902|320563|320840|331401,Epha7|Fut9|Grid2|Neu1|Nin|Snap25|Spock1|Wnt5a|Tiam2|Map2k1|Ngef|Rtn4|Tanc2|Anapc2|Grm5|Adgrb3|Zfp365|Ndrg4|Csmd3|Syngap1|Lrrc4c|Robo2|Islr2|Negr1|Thoc2,-3.0,D01,0.001
GO Biological Processes,19,GO:0099518,vesicle cytoskeletal trafficking,19_GO:0051179 localization,-6.0,10.0,8.2,22259,56,313,8,2.6,0.89,11775|13426|16553|16558|17828|26395|77097|319613,Ap3b2|Dync1i1|Kif13a|Kif16b|Bloc1s5|Map2k1|Tanc2|Sybu,-2.9,D01,0.0012589254117941675
GO Biological Processes,19,GO:0099537,trans-synaptic signaling,19_GO:0050789 regulation of biological process,-5.9,3.5,6.1,22259,401,313,20,6.4,1.4,14042|14804|14807|15557|18747|18752|20614|53623|54524|56543|57138|72978|83762|94090|108069|108071|109648|110637|231760|320127,Ext1|Grid2|Grik3|Htr1f|Prkaca|Prkcg|Snap25|Gria3|Syt6|Kcnd3|Slc12a5|Cnih3|Otof|Trim9|Grm3|Grm5|Npy|Grik4|Rimbp2|Dgki,-2.9,D01,0.0012589254117941675
GO Biological Processes,19,GO:0048812,neuron projection morphogenesis,19_GO:0032502 developmental process,-5.8,3.0,5.9,22259,560,313,24,7.7,1.5,12043|12167|13175|13841|14042|18080|20358|20404|21912|22418|22422|26395|69597|81907|106042|140486|216049|218194|223435|230857|268902|270190|320840|432530,Bcl2|Bmpr1b|Dclk1|Epha7|Ext1|Nin|Sema6a|Sh3gl2|Tspan7|Wnt5a|Wnt7b|Map2k1|Afg3l2|Tmem108|Prickle1|Igf2bp1|Zfp365|Phactr1|Trio|Ece1|Robo2|Ephb1|Negr1|Adcy1,-2.9,D01,0.0012589254117941675
GO Biological Processes,19,GO:0120039,plasma membrane bounded cell projection morphogenesis,19_GO:0032502 developmental process,-5.7,3.0,5.8,22259,566,313,24,7.7,1.5,12043|12167|13175|13841|14042|18080|20358|20404|21912|22418|22422|26395|69597|81907|106042|140486|216049|218194|223435|230857|268902|270190|320840|432530,Bcl2|Bmpr1b|Dclk1|Epha7|Ext1|Nin|Sema6a|Sh3gl2|Tspan7|Wnt5a|Wnt7b|Map2k1|Afg3l2|Tmem108|Prickle1|Igf2bp1|Zfp365|Phactr1|Trio|Ece1|Robo2|Ephb1|Negr1|Adcy1,-2.8,D01,0.001584893192461114
GO Biological Processes,19,GO:0006493,protein O-linked glycosylation,19_GO:0009987 cellular process,-5.7,6.2,7.0,22259,127,313,11,3.5,1.0,14042|14348|14423|26433|73068|97884|108148|212996|217119|232313|628779,Ext1|Fut9|Galnt1|Plod3|Pofut4|B3galnt2|Galnt2|Galnt17|Xylt2|Gxylt2|Hs3st4,-2.8,D01,0.001584893192461114
GO Biological Processes,19,GO:0009101,glycoprotein biosynthetic process,19_GO:0009987 cellular process,-5.7,4.2,6.3,22259,274,313,16,5.1,1.2,12167|14042|14348|14423|20442|26433|50935|69038|73068|94229|97884|108148|212996|217119|232313|628779,Bmpr1b|Ext1|Fut9|Galnt1|St3gal1|Plod3|St6galnac6|Tmem258|Pofut4|Slc4a10|B3galnt2|Galnt2|Galnt17|Xylt2|Gxylt2|Hs3st4,-2.8,D01,0.001584893192461114
GO Biological Processes,19,GO:0048858,cell projection morphogenesis,19_GO:0032502 developmental process,-5.6,3.0,5.7,22259,574,313,24,7.7,1.5,12043|12167|13175|13841|14042|18080|20358|20404|21912|22418|22422|26395|69597|81907|106042|140486|216049|218194|223435|230857|268902|270190|320840|432530,Bcl2|Bmpr1b|Dclk1|Epha7|Ext1|Nin|Sema6a|Sh3gl2|Tspan7|Wnt5a|Wnt7b|Map2k1|Afg3l2|Tmem108|Prickle1|Igf2bp1|Zfp365|Phactr1|Trio|Ece1|Robo2|Ephb1|Negr1|Adcy1,-2.8,D01,0.001584893192461114
GO Biological Processes,19,GO:0001701,in utero embryonic development,19_GO:0032502 developmental process,-5.6,3.0,5.7,22259,576,313,24,7.7,1.5,14950|18230|20678|22422|22762|23950|26395|26433|68018|68585|69352|69608|77097|94217|108013|217558|225876|243548|320634|320790|330119|331401|381695|382034,H13|Nxn|Sox5|Wnt7b|Zfpm2|Dnajb6|Map2k1|Plod3|Cert1|Rtn4|Necab1|Sec24d|Tanc2|Lrp1b|Celf4|G2e3|Kdm2a|Prickle2|Ocrl|Chd7|Adamts3|Thoc2|N4bp2l2|Gse1,-2.8,D01,0.001584893192461114
GO Biological Processes,19,GO:0047496,vesicle transport along microtubule,19_GO:0051179 localization,-5.5,11.0,8.1,22259,45,313,7,2.2,0.84,11775|13426|16553|16558|17828|26395|319613,Ap3b2|Dync1i1|Kif13a|Kif16b|Bloc1s5|Map2k1|Sybu,-2.7,D01,0.001995262314968879
GO Biological Processes,19,GO:0099536,synaptic signaling,19_GO:0050789 regulation of biological process,-5.5,3.2,5.8,22259,464,313,21,6.7,1.4,14042|14804|14807|15557|18747|18752|20614|53623|54524|56543|57138|67792|72978|83762|94090|108069|108071|109648|110637|231760|320127,Ext1|Grid2|Grik3|Htr1f|Prkaca|Prkcg|Snap25|Gria3|Syt6|Kcnd3|Slc12a5|Rgs8|Cnih3|Otof|Trim9|Grm3|Grm5|Npy|Grik4|Rimbp2|Dgki,-2.7,D01,0.001995262314968879
GO Biological Processes,19,GO:0048667,cell morphogenesis involved in neuron differentiation,19_GO:0032502 developmental process,-5.4,3.1,5.7,22259,509,313,22,7.0,1.4,12043|12167|13175|13841|14042|15211|18080|20358|21683|21912|22418|22422|69597|106042|140486|216049|218194|223435|230857|268902|270190|432530,Bcl2|Bmpr1b|Dclk1|Epha7|Ext1|Hexa|Nin|Sema6a|Tecta|Tspan7|Wnt5a|Wnt7b|Afg3l2|Prickle1|Igf2bp1|Zfp365|Phactr1|Trio|Ece1|Robo2|Ephb1|Adcy1,-2.7,D01,0.001995262314968879
GO Biological Processes,19,GO:0021953,central nervous system neuron differentiation,19_GO:0032502 developmental process,-5.3,4.1,6.0,22259,260,313,15,4.8,1.2,13175|14804|16917|18080|18293|20678|20745|22418|94229|109648|114142|240843|268902|270190|320343,Dclk1|Grid2|Lmx1b|Nin|Ogdh|Sox5|Spock1|Wnt5a|Slc4a10|Npy|Foxp2|Brinp2|Robo2|Ephb1|Lypd6,-2.6,D01,0.0025118864315095794
KEGG Pathway,24,mmu04928,"Parathyroid hormone synthesis, secretion and action - Mus musculus (house mouse)",,-5.2,6.1,6.6,22259,116,313,10,3.2,0.99,12043|17388|17389|18747|18752|20183|26395|213498|238871|432530,Bcl2|Mmp15|Mmp16|Prkaca|Prkcg|Rxrg|Map2k1|Arhgef11|Pde4d|Adcy1,-2.5,D01,0.0031622776601683794
KEGG Pathway,24,mmu04914,Progesterone-mediated oocyte maturation - Mus musculus (house mouse),,-5.2,6.9,6.8,22259,93,313,9,2.9,0.94,15519|16653|18710|18747|26395|26416|67579|99152|432530,Hsp90aa1|Kras|Pik3r3|Prkaca|Map2k1|Mapk14|Cpeb4|Anapc2|Adcy1,-2.5,D01,0.0031622776601683794
GO Biological Processes,19,GO:0060627,regulation of vesicle-mediated transport,19_GO:0051179 localization,-5.2,2.7,5.3,22259,654,313,25,8.0,1.5,12554|13052|13821|16423|16443|17846|18747|18752|20404|20614|21912|22418|26395|26950|54524|67894|76499|78771|94090|109648|210789|216724|231760|234593|329502,Cdh13|Cxadr|Epb41l1|Cd47|Itsn1|Commd1|Prkaca|Prkcg|Sh3gl2|Snap25|Tspan7|Wnt5a|Map2k1|Vsnl1|Syt6|Dennd10|Clasp2|Mctp1|Trim9|Npy|Tbc1d4|Rufy1|Rimbp2|Ndrg4|Pla2g4e,-2.5,D01,0.0031622776601683794
GO Biological Processes,19,GO:0051650,establishment of vesicle localization,19_GO:0051179 localization,-5.1,6.0,6.5,22259,119,313,10,3.2,0.99,11775|13426|16553|16558|17828|20614|26395|54524|77097|319613,Ap3b2|Dync1i1|Kif13a|Kif16b|Bloc1s5|Snap25|Map2k1|Syt6|Tanc2|Sybu,-2.5,D01,0.0031622776601683794
GO Biological Processes,19,GO:0099175,regulation of postsynapse organization,19_GO:0050789 regulation of biological process,-5.1,4.5,6.0,22259,205,313,13,4.2,1.1,13175|13841|14804|16443|22418|53972|57138|68585|77097|106042|108071|140580|243548,Dclk1|Epha7|Grid2|Itsn1|Wnt5a|Ngef|Slc12a5|Rtn4|Tanc2|Prickle1|Grm5|Elmo1|Prickle2,-2.5,D01,0.0031622776601683794
GO Biological Processes,19,GO:0051960,regulation of nervous system development,19_GO:0032502 developmental process,-5.1,2.8,5.3,22259,579,313,23,7.3,1.5,13841|14804|18080|20183|22418|22422|24001|26395|66993|68585|99152|108071|210933|216049|240057|243499|245880|268902|270190|320191|320563|320790|320840,Epha7|Grid2|Nin|Rxrg|Wnt5a|Wnt7b|Tiam2|Map2k1|Smarcd3|Rtn4|Anapc2|Grm5|Adgrb3|Zfp365|Syngap1|Lrrtm4|Wasf3|Robo2|Ephb1|Hook3|Islr2|Chd7|Negr1,-2.4,D01,0.003981071705534973
KEGG Pathway,24,mmu04360,Axon guidance - Mus musculus (house mouse),,-5.0,4.7,6.0,22259,181,313,12,3.8,1.1,12167|13841|16653|18710|20358|22418|22419|53972|93737|241568|268902|270190,Bmpr1b|Epha7|Kras|Pik3r3|Sema6a|Wnt5a|Wnt5b|Ngef|Pard6g|Lrrc4c|Robo2|Ephb1,-2.3,D01,0.005011872336272725
GO Biological Processes,19,GO:0030705,cytoskeleton-dependent intracellular transport,19_GO:0051179 localization,-5.0,4.3,5.8,22259,213,313,13,4.2,1.1,11775|13426|16553|16558|17828|26395|59040|72938|77097|81907|106042|319613|320191,Ap3b2|Dync1i1|Kif13a|Kif16b|Bloc1s5|Map2k1|Rhot1|Ift25|Tanc2|Tmem108|Prickle1|Sybu|Hook3,-2.3,D01,0.005011872336272725
GO Biological Processes,19,GO:0007215,glutamate receptor signaling pathway,19_GO:0050896 response to stimulus,-4.9,8.9,7.1,22259,56,313,7,2.2,0.84,14804|14807|53623|67579|108069|108071|110637,Grid2|Grik3|Gria3|Cpeb4|Grm3|Grm5|Grik4,-2.3,D01,0.005011872336272725
GO Biological Processes,19,GO:0035249,"synaptic transmission, glutamatergic",19_GO:0050789 regulation of biological process,-4.9,8.9,7.1,22259,56,313,7,2.2,0.84,14042|14804|14807|53623|72978|108069|110637,Ext1|Grid2|Grik3|Gria3|Cnih3|Grm3|Grik4,-2.3,D01,0.005011872336272725
GO Biological Processes,19,GO:0030900,forebrain development,19_GO:0032502 developmental process,-4.7,2.9,5.1,22259,484,313,20,6.4,1.4,13175|14042|16653|18080|18293|22418|22422|68585|81907|94229|108147|109648|114142|140486|218194|268902|320191|320343|320790|545428,Dclk1|Ext1|Kras|Nin|Ogdh|Wnt5a|Wnt7b|Rtn4|Tmem108|Slc4a10|Atic|Npy|Foxp2|Igf2bp1|Phactr1|Robo2|Hook3|Lypd6|Chd7|Ccdc141,-2.1,D01,0.007943282347242814
GO Biological Processes,19,GO:0051656,establishment of organelle localization,19_GO:0051179 localization,-4.7,3.6,5.4,22259,295,313,15,4.8,1.2,11775|13426|16553|16558|17828|19384|20614|26395|54524|59040|76499|77097|234857|319613|320191,Ap3b2|Dync1i1|Kif13a|Kif16b|Bloc1s5|Ran|Snap25|Map2k1|Syt6|Rhot1|Clasp2|Tanc2|Spire2|Sybu|Hook3,-2.1,D01,0.007943282347242814
GO Biological Processes,19,GO:0007267,cell-cell signaling,19_GO:0050789 regulation of biological process,-4.7,2.5,4.9,22259,701,313,25,8.0,1.5,14042|14309|14804|14807|15557|16443|18747|18752|20614|22418|22419|53623|54524|56543|57138|67792|72978|83762|94090|108069|108071|109648|110637|231760|320127,Ext1|Fshr|Grid2|Grik3|Htr1f|Itsn1|Prkaca|Prkcg|Snap25|Wnt5a|Wnt5b|Gria3|Syt6|Kcnd3|Slc12a5|Rgs8|Cnih3|Otof|Trim9|Grm3|Grm5|Npy|Grik4|Rimbp2|Dgki,-2.1,D01,0.007943282347242814
GO Biological Processes,19,GO:0051648,vesicle localization,19_GO:0051179 localization,-4.6,5.2,5.8,22259,138,313,10,3.2,0.99,11775|13426|16553|16558|17828|20614|26395|54524|77097|319613,Ap3b2|Dync1i1|Kif13a|Kif16b|Bloc1s5|Snap25|Map2k1|Syt6|Tanc2|Sybu,-2.0,D01,0.01
GO Biological Processes,19,GO:0021954,central nervous system neuron development,19_GO:0032502 developmental process,-4.6,5.8,6.0,22259,111,313,9,2.9,0.94,13175|16917|18080|18293|22418|94229|109648|268902|270190,Dclk1|Lmx1b|Nin|Ogdh|Wnt5a|Slc4a10|Npy|Robo2|Ephb1,-2.0,D01,0.01
GO Biological Processes,19,GO:0072384,organelle transport along microtubule,19_GO:0051179 localization,-4.5,6.5,6.2,22259,87,313,8,2.6,0.89,11775|13426|16553|16558|17828|26395|59040|319613,Ap3b2|Dync1i1|Kif13a|Kif16b|Bloc1s5|Map2k1|Rhot1|Sybu,-2.0,D01,0.01
KEGG Pathway,24,mmu00514,Other types of O-glycan biosynthesis - Mus musculus (house mouse),,-4.4,9.5,6.8,22259,45,313,6,1.9,0.78,14423|26433|73068|108148|212996|232313,Galnt1|Plod3|Pofut4|Galnt2|Galnt17|Gxylt2,-1.9,D01,0.012589254117941675
GO Biological Processes,19,GO:0040007,growth,19_GO:0040007 growth,-4.4,2.7,4.8,22259,552,313,21,6.7,1.4,12043|12167|13175|14042|14309|16917|18080|20404|22418|22422|22590|26416|57138|59024|81907|94229|106042|109648|225876|238871|240843,Bcl2|Bmpr1b|Dclk1|Ext1|Fshr|Lmx1b|Nin|Sh3gl2|Wnt5a|Wnt7b|Xpa|Mapk14|Slc12a5|Med12|Tmem108|Slc4a10|Prickle1|Npy|Kdm2a|Pde4d|Brinp2,-1.9,D01,0.012589254117941675
GO Biological Processes,19,GO:0048589,developmental growth,19_GO:0040007 growth,-4.4,2.7,4.8,22259,552,313,21,6.7,1.4,12043|12167|13175|14042|14309|16917|18080|20404|22418|22422|22590|26416|57138|59024|81907|94229|106042|109648|225876|238871|240843,Bcl2|Bmpr1b|Dclk1|Ext1|Fshr|Lmx1b|Nin|Sh3gl2|Wnt5a|Wnt7b|Xpa|Mapk14|Slc12a5|Med12|Tmem108|Slc4a10|Prickle1|Npy|Kdm2a|Pde4d|Brinp2,-1.9,D01,0.012589254117941675
GO Biological Processes,19,GO:0050770,regulation of axonogenesis,19_GO:0032502 developmental process,-4.4,4.4,5.5,22259,176,313,11,3.5,1.0,13841|18080|22418|24001|26395|68585|99152|240057|241568|268902|320563,Epha7|Nin|Wnt5a|Tiam2|Map2k1|Rtn4|Anapc2|Syngap1|Lrrc4c|Robo2|Islr2,-1.9,D01,0.012589254117941675
KEGG Pathway,24,mmu04724,Glutamatergic synapse - Mus musculus (house mouse),,-4.4,5.5,5.8,22259,117,313,9,2.9,0.94,14807|18747|18752|53623|108069|108071|110637|329502|432530,Grik3|Prkaca|Prkcg|Gria3|Grm3|Grm5|Grik4|Pla2g4e|Adcy1,-1.9,D01,0.012589254117941675
GO Biological Processes,19,GO:0007409,axonogenesis,19_GO:0032502 developmental process,-4.3,3.0,4.9,22259,399,313,17,5.4,1.3,12043|12167|13175|13841|14042|18080|20358|21912|22418|22422|69597|106042|223435|230857|268902|270190|432530,Bcl2|Bmpr1b|Dclk1|Epha7|Ext1|Nin|Sema6a|Tspan7|Wnt5a|Wnt7b|Afg3l2|Prickle1|Trio|Ece1|Robo2|Ephb1|Adcy1,-1.8,D01,0.015848931924611134
GO Biological Processes,19,GO:0099173,postsynapse organization,19_GO:0009987 cellular process,-4.1,4.5,5.3,22259,157,313,10,3.2,0.99,20404|77097|81907|106042|216049|240057|243499|243548|270190|333605,Sh3gl2|Tanc2|Tmem108|Prickle1|Zfp365|Syngap1|Lrrtm4|Prickle2|Ephb1|Frmpd4,-1.7,D01,0.0199526231496888
GO Biological Processes,19,GO:0021537,telencephalon development,19_GO:0032502 developmental process,-4.1,3.2,4.8,22259,333,313,15,4.8,1.2,14042|18080|18293|22418|68585|81907|108147|109648|114142|140486|218194|268902|320343|320790|545428,Ext1|Nin|Ogdh|Wnt5a|Rtn4|Tmem108|Atic|Npy|Foxp2|Igf2bp1|Phactr1|Robo2|Lypd6|Chd7|Ccdc141,-1.7,D01,0.0199526231496888
KEGG Pathway,24,mmu04916,Melanogenesis - Mus musculus (house mouse),,-4.1,5.7,5.6,22259,100,313,8,2.6,0.89,16653|18747|18752|22418|22419|22422|26395|432530,Kras|Prkaca|Prkcg|Wnt5a|Wnt5b|Wnt7b|Map2k1|Adcy1,-1.7,D01,0.0199526231496888
GO Biological Processes,19,GO:0007611,learning or memory,19_GO:0032501 multicellular organismal process,-4.1,3.1,4.8,22259,373,313,16,5.1,1.2,16497|16653|16917|17536|18752|20614|23821|57138|108071|114142|210933|234593|238871|240057|320127|432530,Kcnab1|Kras|Lmx1b|Meis2|Prkcg|Snap25|Bace1|Slc12a5|Grm5|Foxp2|Adgrb3|Ndrg4|Pde4d|Syngap1|Dgki|Adcy1,-1.7,D01,0.0199526231496888
KEGG Pathway,24,mmu04517,IgSF CAM signaling - Mus musculus (house mouse),,-4.0,3.3,4.8,22259,300,313,14,4.5,1.2,12927|13052|13821|18710|18752|26395|26416|68507|93737|223435|241568|243499|268902|380928,Bcar1|Cxadr|Epb41l1|Pik3r3|Prkcg|Map2k1|Mapk14|Ppfia4|Pard6g|Trio|Lrrc4c|Lrrtm4|Robo2|Lmo7,-1.6,D01,0.025118864315095794
GO Biological Processes,19,GO:0061564,axon development,19_GO:0032502 developmental process,-4.0,2.8,4.6,22259,459,313,18,5.8,1.3,12043|12167|13175|13841|14042|18080|20358|21912|22418|22422|68585|69597|106042|223435|230857|268902|270190|432530,Bcl2|Bmpr1b|Dclk1|Epha7|Ext1|Nin|Sema6a|Tspan7|Wnt5a|Wnt7b|Rtn4|Afg3l2|Prickle1|Trio|Ece1|Robo2|Ephb1|Adcy1,-1.6,D01,0.025118864315095794
GO Biological Processes,19,GO:0050890,cognition,19_GO:0032501 multicellular organismal process,-4.0,2.9,4.7,22259,419,313,17,5.4,1.3,16497|16653|16917|17536|18752|20614|23821|57138|108071|114142|210933|234593|238871|240057|320127|320790|432530,Kcnab1|Kras|Lmx1b|Meis2|Prkcg|Snap25|Bace1|Slc12a5|Grm5|Foxp2|Adgrb3|Ndrg4|Pde4d|Syngap1|Dgki|Chd7|Adcy1,-1.6,D01,0.025118864315095794
GO Biological Processes,19,GO:0060384,innervation,19_GO:0032502 developmental process,-4.0,10.0,6.6,22259,34,313,5,1.6,0.71,18752|72043|230857|240725|320790,Prkcg|Sulf2|Ece1|Sulf1|Chd7,-1.6,D01,0.025118864315095794
GO Biological Processes,19,GO:0035235,ionotropic glutamate receptor signaling pathway,19_GO:0050896 response to stimulus,-4.0,10.0,6.6,22259,34,313,5,1.6,0.71,14804|14807|53623|67579|110637,Grid2|Grik3|Gria3|Cpeb4|Grik4,-1.6,D01,0.025118864315095794
GO Biological Processes,19,GO:0021675,nerve development,19_GO:0032502 developmental process,-3.9,5.4,5.4,22259,105,313,8,2.6,0.89,14042|18752|69597|72043|230857|240725|270190|320790,Ext1|Prkcg|Afg3l2|Sulf2|Ece1|Sulf1|Ephb1|Chd7,-1.6,D01,0.025118864315095794
GO Biological Processes,19,GO:0060071,"Wnt signaling pathway, planar cell polarity pathway",19_GO:0050896 response to stimulus,-3.9,15.0,7.3,22259,19,313,4,1.3,0.63,22418|22422|59024|106042,Wnt5a|Wnt7b|Med12|Prickle1,-1.5,D01,0.03162277660168379
GO Biological Processes,19,GO:1990806,ligand-gated ion channel signaling pathway,19_GO:0050896 response to stimulus,-3.8,9.6,6.3,22259,37,313,5,1.6,0.71,14804|14807|53623|67579|110637,Grid2|Grik3|Gria3|Cpeb4|Grik4,-1.5,D01,0.03162277660168379
KEGG Pathway,24,mmu04370,VEGF signaling pathway - Mus musculus (house mouse),,-3.8,7.4,5.8,22259,58,313,6,1.9,0.78,16653|18710|18752|26395|26416|329502,Kras|Pik3r3|Prkcg|Map2k1|Mapk14|Pla2g4e,-1.5,D01,0.03162277660168379
KEGG Pathway,24,mmu04550,Signaling pathways regulating pluripotency of stem cells - Mus musculus (house mouse),,-3.8,4.6,5.1,22259,140,313,9,2.9,0.94,12167|13990|16653|18710|22418|22419|22422|26395|26416,Bmpr1b|Smarcad1|Kras|Pik3r3|Wnt5a|Wnt5b|Wnt7b|Map2k1|Mapk14,-1.5,D01,0.03162277660168379
GO Biological Processes,19,GO:0060341,regulation of cellular localization,19_GO:0051179 localization,-3.8,2.4,4.3,22259,657,313,22,7.0,1.4,12043|13821|15519|17846|18747|19384|26395|26416|26950|67894|70572|74513|76499|81907|93737|217827|234593|269109|270190|319613|329502|331401,Bcl2|Epb41l1|Hsp90aa1|Commd1|Prkaca|Ran|Map2k1|Mapk14|Vsnl1|Dennd10|Ipo5|Neto2|Clasp2|Tmem108|Pard6g|Nrde2|Ndrg4|Dpp10|Ephb1|Sybu|Pla2g4e|Thoc2,-1.5,D01,0.03162277660168379
Reactome Gene Sets,6,R-MMU-193704,p75 NTR receptor-mediated signalling,,-3.8,6.0,5.4,22259,83,313,7,2.2,0.84,16179|16443|24001|53972|68585|213498|223435,Irak1|Itsn1|Tiam2|Ngef|Rtn4|Arhgef11|Trio,-1.5,D01,0.03162277660168379
GO Biological Processes,19,GO:0099558,maintenance of synapse structure,19_GO:0009987 cellular process,-3.8,7.2,5.7,22259,59,313,6,1.9,0.78,77097|106042|210933|231760|240057|243548,Tanc2|Prickle1|Adgrb3|Rimbp2|Syngap1|Prickle2,-1.5,D01,0.03162277660168379
KEGG Pathway,24,mmu04730,Long-term depression - Mus musculus (house mouse),,-3.7,7.1,5.7,22259,60,313,6,1.9,0.78,14804|16653|18752|26395|53623|329502,Grid2|Kras|Prkcg|Map2k1|Gria3|Pla2g4e,-1.5,D01,0.03162277660168379
GO Biological Processes,19,GO:0034728,nucleosome organization,19_GO:0009987 cellular process,-3.7,5.9,5.4,22259,85,313,7,2.2,0.84,27221|54169|58243|66993|67155|68094|217578,Chaf1a|Kat6b|Nap1l5|Smarcd3|Smarca2|Smarcc2|Baz1a,-1.5,D01,0.03162277660168379
GO Biological Processes,19,GO:0098771,inorganic ion homeostasis,19_GO:0042592 homeostatic process,-3.7,2.6,4.3,22259,487,313,18,5.8,1.3,11775|11964|12043|14042|17846|18747|19775|22418|27967|57138|69029|69597|94219|94249|109648|227059|231760|100503085,Ap3b2|Atp6v1a|Bcl2|Ext1|Commd1|Prkaca|Xpr1|Wnt5a|Cherp|Slc12a5|Smdt1|Afg3l2|Cnnm2|Slc24a3|Npy|Slc39a10|Rimbp2|Klhl3,-1.4,D01,0.039810717055349734
GO Biological Processes,19,GO:1901137,carbohydrate derivative biosynthetic process,19_GO:0009987 cellular process,-3.7,2.5,4.3,22259,577,313,20,6.4,1.4,12167|14042|14348|14423|15211|20442|26433|50935|67763|69038|73068|94229|97884|108147|108148|212996|217119|232313|432530|628779,Bmpr1b|Ext1|Fut9|Galnt1|Hexa|St3gal1|Plod3|St6galnac6|Prpsap1|Tmem258|Pofut4|Slc4a10|B3galnt2|Atic|Galnt2|Galnt17|Xylt2|Gxylt2|Adcy1|Hs3st4,-1.4,D01,0.039810717055349734
GO Biological Processes,19,GO:0007196,adenylate cyclase-inhibiting G protein-coupled glutamate receptor signaling pathway,19_GO:0050896 response to stimulus,-3.7,24.0,8.1,22259,9,313,3,0.96,0.55,14807|108069|108071,Grik3|Grm3|Grm5,-1.4,D01,0.039810717055349734
Reactome Gene Sets,6,R-MMU-422475,Axon guidance,,-3.7,3.4,4.6,22259,248,313,12,3.8,1.1,13841|15519|16443|16653|18710|18747|20404|26395|53972|213498|223435|270190,Epha7|Hsp90aa1|Itsn1|Kras|Pik3r3|Prkaca|Sh3gl2|Map2k1|Ngef|Arhgef11|Trio|Ephb1,-1.4,D01,0.039810717055349734
Reactome Gene Sets,6,R-MMU-9675108,Nervous system development,,-3.6,3.4,4.6,22259,249,313,12,3.8,1.1,13841|15519|16443|16653|18710|18747|20404|26395|53972|213498|223435|270190,Epha7|Hsp90aa1|Itsn1|Kras|Pik3r3|Prkaca|Sh3gl2|Map2k1|Ngef|Arhgef11|Trio|Ephb1,-1.4,D01,0.039810717055349734
GO Biological Processes,19,GO:0002062,chondrocyte differentiation,19_GO:0032502 developmental process,-3.6,5.7,5.3,22259,87,313,7,2.2,0.84,12167|14042|20678|22419|26416|72043|240725,Bmpr1b|Ext1|Sox5|Wnt5b|Mapk14|Sulf2|Sulf1,-1.4,D01,0.039810717055349734
GO Biological Processes,19,GO:0032253,dense core granule localization,19_GO:0051179 localization,-3.6,13.0,6.7,22259,22,313,4,1.3,0.63,20614|54524|77097|319613,Snap25|Syt6|Tanc2|Sybu,-1.4,D01,0.039810717055349734
GO Biological Processes,19,GO:0001502,cartilage condensation,19_GO:0032502 developmental process,-3.6,13.0,6.7,22259,22,313,4,1.3,0.63,12167|20678|26416|240725,Bmpr1b|Sox5|Mapk14|Sulf1,-1.4,D01,0.039810717055349734
GO Biological Processes,19,GO:0031290,retinal ganglion cell axon guidance,19_GO:0032502 developmental process,-3.6,13.0,6.7,22259,22,313,4,1.3,0.63,12167|13841|268902|270190,Bmpr1b|Epha7|Robo2|Ephb1,-1.4,D01,0.039810717055349734
KEGG Pathway,24,mmu04310,Wnt signaling pathway - Mus musculus (house mouse),,-3.6,4.0,4.8,22259,179,313,10,3.2,0.99,12234|18747|18752|21888|22418|22419|22422|106042|243548|494504,Btrc|Prkaca|Prkcg|Tle4|Wnt5a|Wnt5b|Wnt7b|Prickle1|Prickle2|Apcdd1,-1.4,D01,0.039810717055349734
GO Biological Processes,19,GO:0030201,heparan sulfate proteoglycan metabolic process,19_GO:0009987 cellular process,-3.6,8.9,6.0,22259,40,313,5,1.6,0.71,14042|72043|217119|240725|628779,Ext1|Sulf2|Xylt2|Sulf1|Hs3st4,-1.4,D01,0.039810717055349734
KEGG Pathway,24,mmu04935,"Growth hormone synthesis, secretion and action - Mus musculus (house mouse)",,-3.6,4.9,5.0,22259,117,313,8,2.6,0.89,12927|16653|18710|18747|18752|26395|26416|432530,Bcar1|Kras|Pik3r3|Prkaca|Prkcg|Map2k1|Mapk14|Adcy1,-1.4,D01,0.039810717055349734
GO Biological Processes,19,GO:0071711,basement membrane organization,19_GO:0009987 cellular process,-3.6,8.7,5.9,22259,41,313,5,1.6,0.71,14042|14309|26433|76499|106042,Ext1|Fshr|Plod3|Clasp2|Prickle1,-1.4,D01,0.039810717055349734
GO Biological Processes,19,GO:0022037,metencephalon development,19_GO:0032502 developmental process,-3.6,4.3,4.8,22259,149,313,9,2.9,0.94,12043|14804|16917|18293|26395|108147|114142|216049|234734,Bcl2|Grid2|Lmx1b|Ogdh|Map2k1|Atic|Foxp2|Zfp365|Aars1,-1.4,D01,0.039810717055349734
Reactome Gene Sets,6,R-MMU-4420097,VEGFA-VEGFR2 Pathway,,-3.6,5.5,5.1,22259,90,313,7,2.2,0.84,12927|15519|16653|18747|26416|140580|245880,Bcar1|Hsp90aa1|Kras|Prkaca|Mapk14|Elmo1|Wasf3,-1.4,D01,0.039810717055349734
KEGG Pathway,24,mmu04919,Thyroid hormone signaling pathway - Mus musculus (house mouse),,-3.5,4.7,4.9,22259,120,313,8,2.6,0.89,16653|18710|18747|18752|20183|26395|59024|210789,Kras|Pik3r3|Prkaca|Prkcg|Rxrg|Map2k1|Med12|Tbc1d4,-1.4,D01,0.039810717055349734
GO Biological Processes,19,GO:0007264,small GTPase-mediated signal transduction,19_GO:0050896 response to stimulus,-3.5,3.3,4.5,22259,258,313,12,3.8,1.1,11855|12554|16443|16653|24001|76281|140580|213498|216724|228850|240057|319899,Arhgap5|Cdh13|Itsn1|Kras|Tiam2|Tax1bp3|Elmo1|Arhgef11|Rufy1|Ralgapb|Syngap1|Dock6,-1.4,D01,0.039810717055349734
GO Biological Processes,19,GO:0051962,positive regulation of nervous system development,19_GO:0032502 developmental process,-3.5,2.8,4.3,22259,378,313,15,4.8,1.2,14804|18080|22418|24001|26395|66993|68585|99152|108071|210933|216049|243499|268902|270190|320563,Grid2|Nin|Wnt5a|Tiam2|Map2k1|Smarcd3|Rtn4|Anapc2|Grm5|Adgrb3|Zfp365|Lrrtm4|Robo2|Ephb1|Islr2,-1.4,D01,0.039810717055349734
GO Biological Processes,19,GO:0098743,cell aggregation,19_GO:0009987 cellular process,-3.5,12.0,6.4,22259,24,313,4,1.3,0.63,12167|20678|26416|240725,Bmpr1b|Sox5|Mapk14|Sulf1,-1.4,D01,0.039810717055349734
GO Biological Processes,19,GO:0006897,endocytosis,19_GO:0051179 localization,-8.0,5.3,8.0,22259,472,160,18,11.0,2.5,12402|12484|12721|13043|13489|15461|19353|22359|26417|54598|69581|74015|94176|99650|104318|140570|194590|546144,Cbl|Cd24a|Coro1a|Cttn|Drd2|Hras|Rac1|Vldlr|Mapk3|Calcrl|Rhou|Fcho1|Dock2|Ltap1|Csnk1d|Plxnb2|Reps2|Wdr72,-4.5,D06,3.1622776601683795e-05
GO Biological Processes,19,GO:0098657,import into cell,19_GO:0051179 localization,-7.6,4.2,7.4,22259,689,160,21,13.0,2.7,12402|12484|12721|13043|13489|15461|19353|21366|22359|26417|54598|65106|69581|74015|94176|99650|104318|140570|194590|232333|546144,Cbl|Cd24a|Coro1a|Cttn|Drd2|Hras|Rac1|Slc6a6|Vldlr|Mapk3|Calcrl|Arl6ip5|Rhou|Fcho1|Dock2|Ltap1|Csnk1d|Plxnb2|Reps2|Slc6a1|Wdr72,-4.1,D06,7.943282347242822e-05
GO Biological Processes,19,GO:0010975,regulation of neuron projection development,19_GO:0032502 developmental process,-6.0,4.1,6.4,22259,583,160,17,11.0,2.4,12484|12801|12933|13048|13427|13803|14025|14182|16438|18039|19230|20361|22339|22359|70433|140570|320027,Cd24a|Cnr1|Crmp1|Cux2|Dync1i2|Enc1|Bcl11a|Fgfr1|Itpr1|Nefl|Twf1|Sema7a|Vegfa|Vldlr|Draxin|Plxnb2|Fstl4,-2.9,D06,0.0012589254117941675
KEGG Pathway,24,mmu05205,Proteoglycans in cancer - Mus musculus (house mouse),,-5.6,6.8,7.1,22259,204,160,10,6.2,1.9,12402|13043|13712|14182|14388|15461|16438|19353|22339|26417,Cbl|Cttn|Elk1|Fgfr1|Gab1|Hras|Itpr1|Rac1|Vegfa|Mapk3,-2.8,D06,0.001584893192461114
GO Biological Processes,19,GO:0031346,positive regulation of cell projection organization,19_GO:0048518 positive regulation of biological process,-5.6,4.3,6.2,22259,489,160,15,9.4,2.3,12484|12801|13048|13803|14025|14182|15461|16438|18039|19230|19353|20361|22339|22359|140570,Cd24a|Cnr1|Cux2|Enc1|Bcl11a|Fgfr1|Hras|Itpr1|Nefl|Twf1|Rac1|Sema7a|Vegfa|Vldlr|Plxnb2,-2.8,D06,0.001584893192461114
GO Biological Processes,19,GO:0032535,regulation of cellular component size,19_GO:0065007 biological regulation,-5.2,4.5,6.1,22259,398,160,13,8.1,2.2,11622|12721|13043|14025|17996|18039|19230|19353|20361|22339|70433|71373|320027,Ahr|Coro1a|Cttn|Bcl11a|Neb|Nefl|Twf1|Rac1|Sema7a|Vegfa|Draxin|Prr16|Fstl4,-2.5,D06,0.0031622776601683794
GO Biological Processes,19,GO:0010976,positive regulation of neuron projection development,19_GO:0032502 developmental process,-5.0,5.7,6.3,22259,242,160,10,6.2,1.9,12484|12801|13048|13803|14025|14182|16438|19230|22359|140570,Cd24a|Cnr1|Cux2|Enc1|Bcl11a|Fgfr1|Itpr1|Twf1|Vldlr|Plxnb2,-2.3,D06,0.005011872336272725
KEGG Pathway,24,mmu05211,Renal cell carcinoma - Mus musculus (house mouse),,-4.9,12.0,7.8,22259,70,160,6,3.8,1.5,14388|15461|19353|22339|26417|112405,Gab1|Hras|Rac1|Vegfa|Mapk3|Egln1,-2.3,D06,0.005011872336272725
GO Biological Processes,19,GO:0043461,proton-transporting ATP synthase complex assembly,19_GO:0009987 cellular process,-4.7,52.0,12.0,22259,8,160,3,1.9,1.1,66043|66117|69089,Atp5f1d|Fmc1|Oxa1l,-2.1,D06,0.007943282347242814
GO Biological Processes,19,GO:0033615,mitochondrial proton-transporting ATP synthase complex assembly,19_GO:0009987 cellular process,-4.7,52.0,12.0,22259,8,160,3,1.9,1.1,66043|66117|69089,Atp5f1d|Fmc1|Oxa1l,-2.1,D06,0.007943282347242814
Reactome Gene Sets,6,R-MMU-5654736,Signaling by FGFR1,,-4.6,14.0,7.9,22259,49,160,5,3.1,1.4,12402|14182|14388|15461|26417,Cbl|Fgfr1|Gab1|Hras|Mapk3,-2.0,D06,0.01
KEGG Pathway,24,mmu04540,Gap junction - Mus musculus (house mouse),,-4.4,9.7,6.9,22259,86,160,6,3.8,1.5,13489|14678|15461|16438|26417|104318,Drd2|Gnai2|Hras|Itpr1|Mapk3|Csnk1d,-1.9,D06,0.012589254117941675
Reactome Gene Sets,6,R-MMU-2122948,Activated NOTCH1 Transmits Signal to the Nucleus,,-4.4,42.0,11.0,22259,10,160,3,1.9,1.1,16450|74198|207521,Jag2|Dtx2|Dtx4,-1.9,D06,0.012589254117941675
GO Biological Processes,19,GO:0031334,positive regulation of protein-containing complex assembly,19_GO:0048518 positive regulation of biological process,-4.3,5.4,5.7,22259,231,160,9,5.6,1.8,11622|12484|13043|13494|13589|19353|22260|22339|71902,Ahr|Cd24a|Cttn|Drg1|Mapre1|Rac1|Nr1h2|Vegfa|Cand1,-1.9,D06,0.012589254117941675
GO Biological Processes,19,GO:0044089,positive regulation of cellular component biogenesis,19_GO:0048518 positive regulation of biological process,-4.1,3.4,4.9,22259,577,160,14,8.8,2.2,11622|12484|13043|13048|13494|13589|15461|18571|19353|22260|22339|71902|77569|116733,Ahr|Cd24a|Cttn|Cux2|Drg1|Mapre1|Hras|Pdcd6ip|Rac1|Nr1h2|Vegfa|Cand1|Limch1|Vps4a,-1.7,D06,0.0199526231496888
Reactome Gene Sets,6,R-MMU-422475,Axon guidance,,-4.1,5.0,5.5,22259,248,160,9,5.6,1.8,12933|14182|14388|15461|19353|20361|22359|26394|26417,Crmp1|Fgfr1|Gab1|Hras|Rac1|Sema7a|Vldlr|Lypla2|Mapk3,-1.7,D06,0.0199526231496888
Reactome Gene Sets,6,R-MMU-9675108,Nervous system development,,-4.1,5.0,5.4,22259,249,160,9,5.6,1.8,12933|14182|14388|15461|19353|20361|22359|26394|26417,Crmp1|Fgfr1|Gab1|Hras|Rac1|Sema7a|Vldlr|Lypla2|Mapk3,-1.7,D06,0.0199526231496888
WikiPathways,27,WP193,Hepatocyte growth factor receptor signaling,,-4.0,16.0,7.6,22259,34,160,4,2.5,1.2,13712|14388|15461|26417,Elk1|Gab1|Hras|Mapk3,-1.6,D06,0.025118864315095794
GO Biological Processes,19,GO:0071542,dopaminergic neuron differentiation,19_GO:0032502 developmental process,-3.9,15.0,7.4,22259,36,160,4,2.5,1.2,19353|22339|66117|104318,Rac1|Vegfa|Fmc1|Csnk1d,-1.5,D06,0.03162277660168379
WikiPathways,27,WP151,IL 5 signaling pathway,,-3.9,10.0,6.5,22259,68,160,5,3.1,1.4,12402|13712|15461|19353|26417,Cbl|Elk1|Hras|Rac1|Mapk3,-1.5,D06,0.03162277660168379
WikiPathways,27,WP65,Insulin signaling,,-3.8,6.1,5.5,22259,159,160,7,4.4,1.6,12402|13712|14388|14936|15461|19353|26417,Cbl|Elk1|Gab1|Gys1|Hras|Rac1|Mapk3,-1.5,D06,0.03162277660168379
Reactome Gene Sets,6,R-MMU-5654741,Signaling by FGFR3,,-3.8,15.0,7.2,22259,38,160,4,2.5,1.2,12402|14388|15461|26417,Cbl|Gab1|Hras|Mapk3,-1.5,D06,0.03162277660168379
KEGG Pathway,24,mmu04015,Rap1 signaling pathway - Mus musculus (house mouse),,-3.8,5.2,5.3,22259,214,160,8,5.0,1.7,12801|13489|14182|14678|15461|19353|22339|26417,Cnr1|Drd2|Fgfr1|Gnai2|Hras|Rac1|Vegfa|Mapk3,-1.5,D06,0.03162277660168379
GO Biological Processes,19,GO:0008361,regulation of cell size,19_GO:0065007 biological regulation,-3.8,5.2,5.2,22259,215,160,8,5.0,1.7,11622|13043|14025|20361|22339|70433|71373|320027,Ahr|Cttn|Bcl11a|Sema7a|Vegfa|Draxin|Prr16|Fstl4,-1.5,D06,0.03162277660168379
GO Biological Processes,19,GO:0048638,regulation of developmental growth,19_GO:0040007 growth,-3.8,3.8,4.8,22259,405,160,11,6.9,2.0,11622|13043|13489|14025|14182|17684|20361|22339|70433|108030|320027,Ahr|Cttn|Drd2|Bcl11a|Fgfr1|Cited2|Sema7a|Vegfa|Draxin|Lin7a|Fstl4,-1.5,D06,0.03162277660168379
GO Biological Processes,19,GO:0042632,cholesterol homeostasis,19_GO:0042592 homeostatic process,-3.7,7.3,5.7,22259,115,160,6,3.8,1.5,12484|13123|22260|66508|235283|102635496,Cd24a|Cyp7b1|Nr1h2|Lamtor1|Gramd1b|Malrd1,-1.5,D06,0.03162277660168379
GO Biological Processes,19,GO:1902692,regulation of neuroblast proliferation,19_GO:0032502 developmental process,-3.7,14.0,7.0,22259,40,160,4,2.5,1.2,12484|13489|22339|320265,Cd24a|Drd2|Vegfa|Tafa1,-1.5,D06,0.03162277660168379
GO Biological Processes,19,GO:0007007,inner mitochondrial membrane organization,19_GO:0009987 cellular process,-3.7,14.0,7.0,22259,40,160,4,2.5,1.2,68316|68653|69089|216821,Apoo|Samm50|Oxa1l|Tmem11,-1.5,D06,0.03162277660168379
Reactome Gene Sets,6,R-MMU-5654743,Signaling by FGFR4,,-3.7,14.0,7.0,22259,40,160,4,2.5,1.2,12402|14388|15461|26417,Cbl|Gab1|Hras|Mapk3,-1.5,D06,0.03162277660168379
GO Biological Processes,19,GO:0009895,negative regulation of catabolic process,19_GO:0048519 negative regulation of biological process,-3.7,3.7,4.8,22259,410,160,11,6.9,2.0,12696|12801|13121|13401|22339|26417|66117|66508|140570|230753|545622,Cirbp|Cnr1|Cyp51|Dmwd|Vegfa|Mapk3|Fmc1|Lamtor1|Plxnb2|Thrap3|Ptpn3,-1.5,D06,0.03162277660168379
GO Biological Processes,19,GO:0055092,sterol homeostasis,19_GO:0042592 homeostatic process,-3.7,7.2,5.7,22259,116,160,6,3.8,1.5,12484|13123|22260|66508|235283|102635496,Cd24a|Cyp7b1|Nr1h2|Lamtor1|Gramd1b|Malrd1,-1.5,D06,0.03162277660168379
Reactome Gene Sets,6,R-MMU-190236,Signaling by FGFR,,-3.7,9.3,6.1,22259,75,160,5,3.1,1.4,12402|14182|14388|15461|26417,Cbl|Fgfr1|Gab1|Hras|Mapk3,-1.4,D06,0.039810717055349734
GO Biological Processes,19,GO:0070374,positive regulation of ERK1 and ERK2 cascade,19_GO:0048518 positive regulation of biological process,-3.7,5.0,5.1,22259,222,160,8,5.0,1.7,13489|14678|15461|16323|20361|22339|26417|83397,Drd2|Gnai2|Hras|Inhba|Sema7a|Vegfa|Mapk3|Akap12,-1.4,D06,0.039810717055349734
GO Biological Processes,19,GO:0050807,regulation of synapse organization,19_GO:0050789 regulation of biological process,-3.7,3.7,4.7,22259,415,160,11,6.9,2.0,12933|13048|13489|14182|18039|19353|20361|22359|68404|108030|112405,Crmp1|Cux2|Drd2|Fgfr1|Nefl|Rac1|Sema7a|Vldlr|Nrn1|Lin7a|Egln1,-1.4,D06,0.039810717055349734
GO Biological Processes,19,GO:0070071,proton-transporting two-sector ATPase complex assembly,19_GO:0009987 cellular process,-3.6,25.0,8.3,22259,17,160,3,1.9,1.1,66043|66117|69089,Atp5f1d|Fmc1|Oxa1l,-1.4,D06,0.039810717055349734
GO Biological Processes,19,GO:0010874,regulation of cholesterol efflux,19_GO:0051179 localization,-3.6,13.0,6.8,22259,42,160,4,2.5,1.2,22260|26417|56310|66508,Nr1h2|Mapk3|Gps2|Lamtor1,-1.4,D06,0.039810717055349734
GO Biological Processes,19,GO:0050890,cognition,19_GO:0032501 multicellular organismal process,-3.6,3.7,4.7,22259,419,160,11,6.9,2.0,11622|12801|13048|13123|13489|14266|65106|69080|101489|232333|268354,Ahr|Cnr1|Cux2|Cyp7b1|Drd2|Aff2|Arl6ip5|Gmppa|Ric8a|Slc6a1|Tafa2,-1.4,D06,0.039810717055349734
GO Biological Processes,19,GO:0061387,regulation of extent of cell growth,19_GO:0040007 growth,-3.6,6.8,5.5,22259,122,160,6,3.8,1.5,13043|14025|20361|22339|70433|320027,Cttn|Bcl11a|Sema7a|Vegfa|Draxin|Fstl4,-1.4,D06,0.039810717055349734
GO Biological Processes,19,GO:0050803,regulation of synapse structure or activity,19_GO:0065007 biological regulation,-3.6,3.6,4.6,22259,424,160,11,6.9,2.0,12933|13048|13489|14182|18039|19353|20361|22359|68404|108030|112405,Crmp1|Cux2|Drd2|Fgfr1|Nefl|Rac1|Sema7a|Vldlr|Nrn1|Lin7a|Egln1,-1.4,D06,0.039810717055349734
GO Biological Processes,19,GO:0001525,angiogenesis,19_GO:0032502 developmental process,-3.6,4.3,4.8,22259,291,160,9,5.6,1.8,11477|11622|14182|14388|14678|22339|22344|54598|320924,Acvr1|Ahr|Fgfr1|Gab1|Gnai2|Vegfa|Vezf1|Calcrl|Ccbe1,-1.4,D06,0.039810717055349734
WikiPathways,27,WP572,EGFR1 signaling pathway,,-3.6,5.6,5.2,22259,175,160,7,4.4,1.6,12402|13712|14388|15461|19353|26417|194590,Cbl|Elk1|Gab1|Hras|Rac1|Mapk3|Reps2,-1.4,D06,0.039810717055349734
GO Biological Processes,19,GO:0050770,regulation of axonogenesis,19_GO:0032502 developmental process,-3.5,5.5,5.1,22259,176,160,7,4.4,1.6,14025|18039|20361|22339|70433|140570|320027,Bcl11a|Nefl|Sema7a|Vegfa|Draxin|Plxnb2|Fstl4,-1.4,D06,0.039810717055349734
Reactome Gene Sets,6,R-MMU-1980143,Signaling by NOTCH1,,-3.5,22.0,7.8,22259,19,160,3,1.9,1.1,16450|74198|207521,Jag2|Dtx2|Dtx4,-1.4,D06,0.039810717055349734
Reactome Gene Sets,6,R-MMU-445144,Signal transduction by L1,,-3.5,22.0,7.8,22259,19,160,3,1.9,1.1,14182|19353|26417,Fgfr1|Rac1|Mapk3,-1.4,D06,0.039810717055349734
